{
  "version": 1,
  "author": "Dan",
  "editor": "wokwi",
  "parts": [
    { "type": "wokwi-breadboard", "id": "bb1", "top": 189, "left": 70, "attrs": {} },
    { "type": "wokwi-arduino-uno", "id": "uno", "top": -38.68, "left": 124.36, "attrs": {} },
    { "type": "wokwi-rgb-led", "id": "rgb1", "top": 196.12, "left": 453.88, "attrs": {} },
    {
      "type": "wokwi-pushbutton",
      "id": "btn1",
      "top": 268.9,
      "left": 140.7,
      "rotate": 270,
      "attrs": { "color": "green" }
    },
    {
      "type": "wokwi-pushbutton",
      "id": "btn2",
      "top": 268.7,
      "left": 243.5,
      "rotate": 90,
      "attrs": { "color": "green" }
    },
    {
      "type": "wokwi-pushbutton",
      "id": "btn3",
      "top": 268.7,
      "left": 195.5,
      "rotate": 90,
      "attrs": { "color": "green" }
    },
    { "type": "wokwi-rgb-led", "id": "rgb2", "top": 196, "left": 413.9, "attrs": {} },
    { "type": "wokwi-rgb-led", "id": "rgb3", "top": 194.78, "left": 491.92, "attrs": {} },
    {
      "type": "wokwi-lcd1602",
      "id": "lcd1",
      "top": -184.56,
      "left": 548.89,
      "attrs": { "pins": "i2c" }
    },
    {
      "type": "wokwi-pushbutton",
      "id": "btn4",
      "top": -153.21,
      "left": 62.66,
      "attrs": { "color": "red" }
    },
    {
      "type": "wokwi-resistor",
      "id": "r1",
      "top": 291.62,
      "left": 307.15,
      "rotate": 90,
      "attrs": { "value": "1000" }
    }
  ],
  "connections": [
    [ "uno:GND.3", "bb1:tn.18", "black", [ "v0" ] ],
    [ "uno:5V", "bb1:tp.16", "red", [ "v0" ] ],
    [ "bb1:bp.1", "bb1:tp.1", "red", [ "v-1.29", "h-37.15", "v-169.07" ] ],
    [ "bb1:tn.1", "bb1:bn.1", "black", [ "v4.43", "h-42.91", "v168.35" ] ],
    [ "bb1:44t.e", "bb1:40t.e", "black", [ "v0" ] ],
    [ "bb1:36t.e", "bb1:40t.e", "green", [ "v0" ] ],
    [
      "uno:9",
      "bb1:35t.b",
      "red",
      [ "v-27.18", "h128.35", "v234.38", "h-20.53", "v76.99", "h28.23" ]
    ],
    [ "uno:10", "bb1:37t.c", "green", [ "v-17.77", "h126.73", "v277.15" ] ],
    [ "uno:11", "bb1:38t.d", "blue", [ "v-35.73", "h157.62", "v254.91", "h-31.65", "v95.8" ] ],
    [ "uno:2", "bb1:39t.b", "red", [ "v-60.78", "h5.69" ] ],
    [
      "rgb1:G",
      "uno:3",
      "green",
      [ "v50.81", "h260.09", "v-131.55", "h-259.31", "v-241.33", "h-143.85" ]
    ],
    [
      "rgb1:B",
      "uno:4",
      "blue",
      [
        "v57.43",
        "h239.43",
        "v-109.78",
        "h-249.84",
        "v-20.82",
        "h-35.96",
        "v-240.38",
        "h-110.73"
      ]
    ],
    [
      "rgb3:R",
      "uno:5",
      "red",
      [ "v117.06", "h269.03", "v-216.29", "h-281.37", "v-269.15", "h-1.5" ]
    ],
    [
      "uno:6",
      "bb1:45t.b",
      "green",
      [ "v-76.81", "h175.37", "v274.5", "h247.29", "v195.23", "h-253.2" ]
    ],
    [
      "rgb3:B",
      "uno:7",
      "blue",
      [ "v7.16", "h186.02", "v-67.92", "h-241.63", "v-278.7", "h-159.52" ]
    ],
    [
      "lcd1:SCL",
      "uno:A5.2",
      "green",
      [ "h-28.54", "v-51.73", "h-274.09", "v126.38", "h-40.35" ]
    ],
    [ "lcd1:SDA", "uno:A4.2", "green", [ "h-334.6", "v-1.12" ] ],
    [ "lcd1:GND", "uno:GND.1", "black", [ "h-278.26", "v39.96", "h-40.35" ] ],
    [ "lcd1:VCC", "bb1:tp.45", "red", [ "h-38.08", "v185.7", "h115.83" ] ],
    [ "uno:8", "bb1:8t.a", "magenta", [ "v-58.22", "h-220.7", "v259.28", "h76.79", "v1.99" ] ],
    [ "uno:12", "bb1:14t.a", "blue", [ "v-47.25", "h-164.25", "v254.3", "h134.63", "v1.99" ] ],
    [ "bb1:10b.j", "bb1:bn.7", "green", [ "v0" ] ],
    [ "bb1:16b.j", "bb1:bn.12", "green", [ "v0" ] ],
    [ "bb1:21b.j", "bb1:bn.16", "green", [ "v0" ] ],
    [ "uno:0", "btn4:2.r", "green", [ "v0" ] ],
    [ "btn4:1.l", "uno:GND.1", "black", [ "h-10.8", "v-37.4", "h138.58", "v81.61", "h54.66" ] ],
    [ "uno:A1", "bb1:19t.a", "green", [ "v75.16", "h-69.82", "v-1.64" ] ],
    [ "bb1:26b.j", "bb1:bp.20", "green", [ "v28.31", "h-2.64" ] ],
    [ "bb1:26t.b", "bb1:19t.b", "green", [ "v0" ] ],
    [ "rgb1:R", "bb1:39t.a", "", [ "$bb" ] ],
    [ "rgb1:COM", "bb1:40t.b", "", [ "$bb" ] ],
    [ "rgb1:G", "bb1:41t.a", "", [ "$bb" ] ],
    [ "rgb1:B", "bb1:42t.a", "", [ "$bb" ] ],
    [ "btn1:1.l", "bb1:8b.h", "", [ "$bb" ] ],
    [ "btn1:2.l", "bb1:10b.h", "", [ "$bb" ] ],
    [ "btn1:1.r", "bb1:8t.c", "", [ "$bb" ] ],
    [ "btn1:2.r", "bb1:10t.c", "", [ "$bb" ] ],
    [ "btn2:1.l", "bb1:21t.c", "", [ "$bb" ] ],
    [ "btn2:2.l", "bb1:19t.c", "", [ "$bb" ] ],
    [ "btn2:1.r", "bb1:21b.h", "", [ "$bb" ] ],
    [ "btn2:2.r", "bb1:19b.h", "", [ "$bb" ] ],
    [ "btn3:1.l", "bb1:16t.c", "", [ "$bb" ] ],
    [ "btn3:2.l", "bb1:14t.c", "", [ "$bb" ] ],
    [ "btn3:1.r", "bb1:16b.h", "", [ "$bb" ] ],
    [ "btn3:2.r", "bb1:14b.h", "", [ "$bb" ] ],
    [ "rgb2:R", "bb1:35t.a", "", [ "$bb" ] ],
    [ "rgb2:COM", "bb1:36t.b", "", [ "$bb" ] ],
    [ "rgb2:G", "bb1:37t.a", "", [ "$bb" ] ],
    [ "rgb2:B", "bb1:38t.a", "", [ "$bb" ] ],
    [ "rgb3:R", "bb1:43t.a", "", [ "$bb" ] ],
    [ "rgb3:COM", "bb1:44t.b", "", [ "$bb" ] ],
    [ "rgb3:G", "bb1:45t.a", "", [ "$bb" ] ],
    [ "rgb3:B", "bb1:46t.a", "", [ "$bb" ] ],
    [ "r1:1", "bb1:26t.d", "", [ "$bb" ] ],
    [ "r1:2", "bb1:26b.h", "", [ "$bb" ] ],
    [ "bb1:36t.e", "bb1:tp.24", "red", [ "v17.44", "h-57.77", "v-1.62" ] ]
  ],
  "dependencies": {}
}